"Ссылка","ПометкаУдаления","Номер","Дата","Проведен","Покупатель","Склад","Валюта","ВидЦен","ОбоснованиеОтгрузки","Организация"
"e1cib/data/Документ.РасходТовара?ref=bbf30050ba5c887711e1fe6190994fe1","False","000000016","26.01.2019 22:49:55","True","e1cib/data/Справочник.Контрагенты?ref=8ca0000d8843cd1b11dc8d043d710079","e1cib/data/Справочник.Склады?ref=a9b000055d49b45e11db8b8bdc1aadc2","e1cib/data/Справочник.Валюты?ref=a9b000055d49b45e11db8c4421dda1c5","e1cib/data/Справочник.ВидыЦен?ref=a9b000055d49b45e11db8c4c9d5c4225","","e1cib/data/Справочник.Организации?ref=8d34000d8843cd1b11dd2bea12f94c64"
"e1cib/data/Документ.РасходТовара?ref=bbf30050ba5c887711e1fe6190994fe4","False","000000017","28.01.2019 23:58:45","True","e1cib/data/Справочник.Контрагенты?ref=a9b000055d49b45e11db8e8bd1cb82a8","e1cib/data/Справочник.Склады?ref=a9b000055d49b45e11db8b8bdc1aadc2","e1cib/data/Справочник.Валюты?ref=a9b000055d49b45e11db8c4421dda1c5","e1cib/data/Справочник.ВидыЦен?ref=a9b000055d49b45e11db8c4c9d5c4226","","e1cib/data/Справочник.Организации?ref=8d34000d8843cd1b11dd2bea12f94c63"
"e1cib/data/Документ.РасходТовара?ref=bbef0050ba5c887711e1fc040faf2b20","False","000000010","03.01.2019 20:53:55","True","e1cib/data/Справочник.Контрагенты?ref=a9b000055d49b45e11db8e8bd1cb82a8","e1cib/data/Справочник.Склады?ref=a9b000055d49b45e11db8b8bdc1aadc2","e1cib/data/Справочник.Валюты?ref=a9b000055d49b45e11db8c4421dda1c5","e1cib/data/Справочник.ВидыЦен?ref=a9b000055d49b45e11db8c4c9d5c4226","","e1cib/data/Справочник.Организации?ref=8d34000d8843cd1b11dd2bea12f94c64"
"e1cib/data/Документ.РасходТовара?ref=bbf30050ba5c887711e1fe6190994fde","False","000000015","22.01.2019 17:58:12","True","e1cib/data/Справочник.Контрагенты?ref=a9b000055d49b45e11db8c4c9d5c4234","e1cib/data/Справочник.Склады?ref=a9b000055d49b45e11db8c4c9d5c4221","e1cib/data/Справочник.Валюты?ref=a9b000055d49b45e11db8c4421dda1c5","e1cib/data/Справочник.ВидыЦен?ref=a9b000055d49b45e11db8c4c9d5c4225","","e1cib/data/Справочник.Организации?ref=8d34000d8843cd1b11dd2bea12f94c64"
"e1cib/data/Документ.РасходТовара?ref=bbef0050ba5c887711e1fc040faf2b1d","False","000000009","29.12.2018 22:43:30","True","e1cib/data/Справочник.Контрагенты?ref=a9b000055d49b45e11db8e8bd1cb82a8","e1cib/data/Справочник.Склады?ref=a9b000055d49b45e11db8b8bee7616e1","","e1cib/data/Справочник.ВидыЦен?ref=a9b000055d49b45e11db8c4c9d5c4226","","e1cib/data/Справочник.Организации?ref=8d34000d8843cd1b11dd2bea12f94c65"
"e1cib/data/Документ.РасходТовара?ref=bbf30050ba5c887711e1fe6190994fd8","True","000000012","20.01.2019 18:48:25","False","e1cib/data/Справочник.Контрагенты?ref=8ca1000d8843cd1b11dc8ea92d97a74a","e1cib/data/Справочник.Склады?ref=a9b000055d49b45e11db8b8bee7616e1","e1cib/data/Справочник.Валюты?ref=a9b000055d49b45e11db8c4421dda1c5","e1cib/data/Справочник.ВидыЦен?ref=a9b000055d49b45e11db8c4c9d5c4226","","e1cib/data/Справочник.Организации?ref=8d34000d8843cd1b11dd2bea12f94c63"
"e1cib/data/Документ.РасходТовара?ref=bbef0050ba5c887711e1fc040faf2b23","False","000000011","19.01.2019 22:53:15","True","e1cib/data/Справочник.Контрагенты?ref=8ca0000d8843cd1b11dc8d043d710079","e1cib/data/Справочник.Склады?ref=a9b000055d49b45e11db8b8bdc1aadc2","e1cib/data/Справочник.Валюты?ref=a9b000055d49b45e11db8c4421dda1c5","e1cib/data/Справочник.ВидыЦен?ref=a9b000055d49b45e11db8c4c9d5c4225","","e1cib/data/Справочник.Организации?ref=8d34000d8843cd1b11dd2bea12f94c63"
"e1cib/data/Документ.РасходТовара?ref=bbf30050ba5c887711e1fe6190994fda","False","000000013","21.01.2019 20:33:00","True","e1cib/data/Справочник.Контрагенты?ref=8ca1000d8843cd1b11dc8ea92d97a74a","e1cib/data/Справочник.Склады?ref=a9b000055d49b45e11db8b8bee7616e1","e1cib/data/Справочник.Валюты?ref=a9b000055d49b45e11db8c4421dda1c5","e1cib/data/Справочник.ВидыЦен?ref=a9b000055d49b45e11db8c4c9d5c4226","","e1cib/data/Справочник.Организации?ref=8d34000d8843cd1b11dd2bea12f94c63"
"e1cib/data/Документ.РасходТовара?ref=bbf30050ba5c887711e1fe6190994fdc","False","000000014","21.01.2019 22:14:50","True","e1cib/data/Справочник.Контрагенты?ref=a9b000055d49b45e11db8e8bd1cb82a8","e1cib/data/Справочник.Склады?ref=a9b000055d49b45e11db8b8bee7616e1","e1cib/data/Справочник.Валюты?ref=a9b000055d49b45e11db8c4421dda1c5","e1cib/data/Справочник.ВидыЦен?ref=a9b000055d49b45e11db8c4c9d5c4226","","e1cib/data/Справочник.Организации?ref=8d34000d8843cd1b11dd2bea12f94c65"
"e1cib/data/Документ.РасходТовара?ref=bbef0050ba5c887711e1fc040faf2b0e","False","000000004","21.12.2018 3:45:50","True","e1cib/data/Справочник.Контрагенты?ref=8ca0000d8843cd1b11dc8d043d71007d","e1cib/data/Справочник.Склады?ref=a9b000055d49b45e11db8b8bdc1aadc2","","e1cib/data/Справочник.ВидыЦен?ref=a9b000055d49b45e11db8c4c9d5c4224","","e1cib/data/Справочник.Организации?ref=8d34000d8843cd1b11dd2bea12f94c65"
"e1cib/data/Документ.РасходТовара?ref=bbef0050ba5c887711e1fc040faf2b14","False","000000006","22.12.2018 22:57:00","True","e1cib/data/Справочник.Контрагенты?ref=a9b000055d49b45e11db8e8bd1cb82a8","e1cib/data/Справочник.Склады?ref=a9b000055d49b45e11db8b8bdc1aadc2","e1cib/data/Справочник.Валюты?ref=a9b000055d49b45e11db8c4421dda1c5","e1cib/data/Справочник.ВидыЦен?ref=a9b000055d49b45e11db8c4c9d5c4226","","e1cib/data/Справочник.Организации?ref=8d34000d8843cd1b11dd2bea12f94c64"
"e1cib/data/Документ.РасходТовара?ref=bbef0050ba5c887711e1fc040faf2b17","False","000000007","23.12.2018 18:43:12","True","e1cib/data/Справочник.Контрагенты?ref=a9b000055d49b45e11db8c4c9d5c4234","e1cib/data/Справочник.Склады?ref=a9b000055d49b45e11db8b8bdc1aadc2","e1cib/data/Справочник.Валюты?ref=a9b000055d49b45e11db8c4421dda1c5","e1cib/data/Справочник.ВидыЦен?ref=a9b000055d49b45e11db8c4c9d5c4225","","e1cib/data/Справочник.Организации?ref=8d34000d8843cd1b11dd2bea12f94c63"
"e1cib/data/Документ.РасходТовара?ref=bbef0050ba5c887711e1fc040faf2b05","False","000000001","17.12.2018 20:43:00","True","e1cib/data/Справочник.Контрагенты?ref=8ca0000d8843cd1b11dc8d043d71007a","e1cib/data/Справочник.Склады?ref=a9b000055d49b45e11db8b8bee7616e1","","e1cib/data/Справочник.ВидыЦен?ref=a9b000055d49b45e11db8c4c9d5c4226","","e1cib/data/Справочник.Организации?ref=8d34000d8843cd1b11dd2bea12f94c65"
"e1cib/data/Документ.РасходТовара?ref=bbef0050ba5c887711e1fc040faf2b11","False","000000005","22.12.2018 3:45:55","True","e1cib/data/Справочник.Контрагенты?ref=a9b000055d49b45e11db8e8bd1cb82a8","e1cib/data/Справочник.Склады?ref=a9b000055d49b45e11db8b8bee7616e1","","e1cib/data/Справочник.ВидыЦен?ref=a9b000055d49b45e11db8c4c9d5c4226","","e1cib/data/Справочник.Организации?ref=8d34000d8843cd1b11dd2bea12f94c65"
"e1cib/data/Документ.РасходТовара?ref=bbef0050ba5c887711e1fc040faf2b08","True","000000002","19.12.2018 0:42:00","False","e1cib/data/Справочник.Контрагенты?ref=8ca1000d8843cd1b11dc8ea92d97a74a","e1cib/data/Справочник.Склады?ref=a9b000055d49b45e11db8b8bee7616e1","e1cib/data/Справочник.Валюты?ref=a9b000055d49b45e11db8c4421dda1c5","e1cib/data/Справочник.ВидыЦен?ref=a9b000055d49b45e11db8c4c9d5c4226","","e1cib/data/Справочник.Организации?ref=8d34000d8843cd1b11dd2bea12f94c63"
"e1cib/data/Документ.РасходТовара?ref=bbef0050ba5c887711e1fc040faf2b0b","False","000000003","20.12.2018 2:43:38","True","e1cib/data/Справочник.Контрагенты?ref=a9b000055d49b45e11db8c4c9d5c4234","e1cib/data/Справочник.Склады?ref=a9b000055d49b45e11db8b8bee7616e1","e1cib/data/Справочник.Валюты?ref=a9b000055d49b45e11db8c4c9d5c4222","e1cib/data/Справочник.ВидыЦен?refName=Закупочная","","e1cib/data/Справочник.Организации?ref=8d34000d8843cd1b11dd2bea12f94c64"
"e1cib/data/Документ.РасходТовара?ref=bbef0050ba5c887711e1fc040faf2b1a","False","000000008","26.12.2018 21:05:12","True","e1cib/data/Справочник.Контрагенты?ref=8ca0000d8843cd1b11dc8d043d710079","e1cib/data/Справочник.Склады?ref=a9b000055d49b45e11db8b8bdc1aadc2","e1cib/data/Справочник.Валюты?ref=a9b000055d49b45e11db8c4421dda1c5","e1cib/data/Справочник.ВидыЦен?ref=a9b000055d49b45e11db8c4c9d5c4225","","e1cib/data/Справочник.Организации?ref=8d34000d8843cd1b11dd2bea12f94c63"
"e1cib/data/Документ.РасходТовара?ref=aaca086266c6d20f11e708bd6f432f7e","False","000000018","17.12.2018 8:28:00","True","e1cib/data/Справочник.Контрагенты?ref=8ca1000d8843cd1b11dc8ea92d97a74a","e1cib/data/Справочник.Склады?ref=a9b000055d49b45e11db8b8bee7616e1","e1cib/data/Справочник.Валюты?ref=a9b000055d49b45e11db8c4421dda1c5","e1cib/data/Справочник.ВидыЦен?ref=a9b000055d49b45e11db8c4c9d5c4226","","e1cib/data/Справочник.Организации?ref=8d34000d8843cd1b11dd2bea12f94c64"
"e1cib/data/Документ.РасходТовара?ref=aaca086266c6d20f11e708bd6f432f7f","False","000000019","17.12.2018 8:28:00","True","e1cib/data/Справочник.Контрагенты?ref=8ca0000d8843cd1b11dc8d043d710079","e1cib/data/Справочник.Склады?ref=a9b000055d49b45e11db8b8bee7616e1","e1cib/data/Справочник.Валюты?ref=a9b000055d49b45e11db8c4421dda1c5","e1cib/data/Справочник.ВидыЦен?ref=a9b000055d49b45e11db8c4c9d5c4226","","e1cib/data/Справочник.Организации?ref=8d34000d8843cd1b11dd2bea12f94c64"
"e1cib/data/Документ.РасходТовара?ref=aaca086266c6d20f11e708bd6f432f80","False","000000020","18.12.2018 8:28:00","True","e1cib/data/Справочник.Контрагенты?ref=8ca1000d8843cd1b11dc8ea92d97a74a","e1cib/data/Справочник.Склады?ref=a9b000055d49b45e11db8b8bee7616e1","e1cib/data/Справочник.Валюты?ref=a9b000055d49b45e11db8c4421dda1c5","e1cib/data/Справочник.ВидыЦен?ref=a9b000055d49b45e11db8c4c9d5c4226","","e1cib/data/Справочник.Организации?ref=8d34000d8843cd1b11dd2bea12f94c64"
"e1cib/data/Документ.РасходТовара?ref=aaca086266c6d20f11e708bd6f432f81","False","000000021","18.12.2018 8:28:00","True","e1cib/data/Справочник.Контрагенты?ref=8ca0000d8843cd1b11dc8d043d710079","e1cib/data/Справочник.Склады?ref=a9b000055d49b45e11db8b8bee7616e1","e1cib/data/Справочник.Валюты?ref=a9b000055d49b45e11db8c4421dda1c5","e1cib/data/Справочник.ВидыЦен?ref=a9b000055d49b45e11db8c4c9d5c4226","","e1cib/data/Справочник.Организации?ref=8d34000d8843cd1b11dd2bea12f94c64"
"e1cib/data/Документ.РасходТовара?ref=aaca086266c6d20f11e708bd6f432f82","False","000000022","19.12.2018 8:28:00","True","e1cib/data/Справочник.Контрагенты?ref=8ca1000d8843cd1b11dc8ea92d97a74a","e1cib/data/Справочник.Склады?ref=a9b000055d49b45e11db8b8bee7616e1","e1cib/data/Справочник.Валюты?ref=a9b000055d49b45e11db8c4421dda1c5","e1cib/data/Справочник.ВидыЦен?ref=a9b000055d49b45e11db8c4c9d5c4226","","e1cib/data/Справочник.Организации?ref=8d34000d8843cd1b11dd2bea12f94c64"
"e1cib/data/Документ.РасходТовара?ref=aaca086266c6d20f11e708bd6f432f83","False","000000023","19.12.2018 8:28:00","True","e1cib/data/Справочник.Контрагенты?ref=8ca0000d8843cd1b11dc8d043d710079","e1cib/data/Справочник.Склады?ref=a9b000055d49b45e11db8b8bee7616e1","e1cib/data/Справочник.Валюты?ref=a9b000055d49b45e11db8c4421dda1c5","e1cib/data/Справочник.ВидыЦен?ref=a9b000055d49b45e11db8c4c9d5c4226","","e1cib/data/Справочник.Организации?ref=8d34000d8843cd1b11dd2bea12f94c64"
"e1cib/data/Документ.РасходТовара?ref=aaca086266c6d20f11e708bd6f432f84","False","000000024","20.12.2018 8:28:00","True","e1cib/data/Справочник.Контрагенты?ref=8ca1000d8843cd1b11dc8ea92d97a74a","e1cib/data/Справочник.Склады?ref=a9b000055d49b45e11db8b8bee7616e1","e1cib/data/Справочник.Валюты?ref=a9b000055d49b45e11db8c4421dda1c5","e1cib/data/Справочник.ВидыЦен?ref=a9b000055d49b45e11db8c4c9d5c4226","","e1cib/data/Справочник.Организации?ref=8d34000d8843cd1b11dd2bea12f94c64"
"e1cib/data/Документ.РасходТовара?ref=aaca086266c6d20f11e708bd6f432f85","False","000000025","20.12.2018 8:28:00","True","e1cib/data/Справочник.Контрагенты?ref=8ca0000d8843cd1b11dc8d043d710079","e1cib/data/Справочник.Склады?ref=a9b000055d49b45e11db8b8bee7616e1","e1cib/data/Справочник.Валюты?ref=a9b000055d49b45e11db8c4421dda1c5","e1cib/data/Справочник.ВидыЦен?ref=a9b000055d49b45e11db8c4c9d5c4226","","e1cib/data/Справочник.Организации?ref=8d34000d8843cd1b11dd2bea12f94c64"
"e1cib/data/Документ.РасходТовара?ref=aaca086266c6d20f11e708bd6f432f86","False","000000026","21.12.2018 8:28:00","True","e1cib/data/Справочник.Контрагенты?ref=8ca1000d8843cd1b11dc8ea92d97a74a","e1cib/data/Справочник.Склады?ref=a9b000055d49b45e11db8b8bee7616e1","e1cib/data/Справочник.Валюты?ref=a9b000055d49b45e11db8c4421dda1c5","e1cib/data/Справочник.ВидыЦен?ref=a9b000055d49b45e11db8c4c9d5c4226","","e1cib/data/Справочник.Организации?ref=8d34000d8843cd1b11dd2bea12f94c64"
"e1cib/data/Документ.РасходТовара?ref=aaca086266c6d20f11e708bd6f432f87","False","000000027","21.12.2018 8:28:00","True","e1cib/data/Справочник.Контрагенты?ref=8ca0000d8843cd1b11dc8d043d710079","e1cib/data/Справочник.Склады?ref=a9b000055d49b45e11db8b8bee7616e1","e1cib/data/Справочник.Валюты?ref=a9b000055d49b45e11db8c4421dda1c5","e1cib/data/Справочник.ВидыЦен?ref=a9b000055d49b45e11db8c4c9d5c4226","","e1cib/data/Справочник.Организации?ref=8d34000d8843cd1b11dd2bea12f94c64"
"e1cib/data/Документ.РасходТовара?ref=aaca086266c6d20f11e708bd6f432f88","False","000000028","22.12.2018 8:28:00","True","e1cib/data/Справочник.Контрагенты?ref=8ca1000d8843cd1b11dc8ea92d97a74a","e1cib/data/Справочник.Склады?ref=a9b000055d49b45e11db8b8bee7616e1","e1cib/data/Справочник.Валюты?ref=a9b000055d49b45e11db8c4421dda1c5","e1cib/data/Справочник.ВидыЦен?ref=a9b000055d49b45e11db8c4c9d5c4226","","e1cib/data/Справочник.Организации?ref=8d34000d8843cd1b11dd2bea12f94c64"
"e1cib/data/Документ.РасходТовара?ref=aaca086266c6d20f11e708bd6f432f89","False","000000029","22.12.2018 8:28:00","True","e1cib/data/Справочник.Контрагенты?ref=8ca0000d8843cd1b11dc8d043d710079","e1cib/data/Справочник.Склады?ref=a9b000055d49b45e11db8b8bee7616e1","e1cib/data/Справочник.Валюты?ref=a9b000055d49b45e11db8c4421dda1c5","e1cib/data/Справочник.ВидыЦен?ref=a9b000055d49b45e11db8c4c9d5c4226","","e1cib/data/Справочник.Организации?ref=8d34000d8843cd1b11dd2bea12f94c64"
"e1cib/data/Документ.РасходТовара?ref=aaca086266c6d20f11e708bd6f432f8a","False","000000030","23.12.2018 8:28:00","True","e1cib/data/Справочник.Контрагенты?ref=8ca1000d8843cd1b11dc8ea92d97a74a","e1cib/data/Справочник.Склады?ref=a9b000055d49b45e11db8b8bee7616e1","e1cib/data/Справочник.Валюты?ref=a9b000055d49b45e11db8c4421dda1c5","e1cib/data/Справочник.ВидыЦен?ref=a9b000055d49b45e11db8c4c9d5c4226","","e1cib/data/Справочник.Организации?ref=8d34000d8843cd1b11dd2bea12f94c64"
"e1cib/data/Документ.РасходТовара?ref=aaca086266c6d20f11e708bd6f432f8b","False","000000031","23.12.2018 8:28:00","True","e1cib/data/Справочник.Контрагенты?ref=8ca0000d8843cd1b11dc8d043d710079","e1cib/data/Справочник.Склады?ref=a9b000055d49b45e11db8b8bee7616e1","e1cib/data/Справочник.Валюты?ref=a9b000055d49b45e11db8c4421dda1c5","e1cib/data/Справочник.ВидыЦен?ref=a9b000055d49b45e11db8c4c9d5c4226","","e1cib/data/Справочник.Организации?ref=8d34000d8843cd1b11dd2bea12f94c64"
"e1cib/data/Документ.РасходТовара?ref=aaca086266c6d20f11e708bd6f432f8c","False","000000032","24.12.2018 8:28:00","True","e1cib/data/Справочник.Контрагенты?ref=8ca1000d8843cd1b11dc8ea92d97a74a","e1cib/data/Справочник.Склады?ref=a9b000055d49b45e11db8b8bee7616e1","e1cib/data/Справочник.Валюты?ref=a9b000055d49b45e11db8c4421dda1c5","e1cib/data/Справочник.ВидыЦен?ref=a9b000055d49b45e11db8c4c9d5c4226","","e1cib/data/Справочник.Организации?ref=8d34000d8843cd1b11dd2bea12f94c64"
"e1cib/data/Документ.РасходТовара?ref=aaca086266c6d20f11e708bd6f432f8d","False","000000033","24.12.2018 8:28:00","True","e1cib/data/Справочник.Контрагенты?ref=8ca0000d8843cd1b11dc8d043d710079","e1cib/data/Справочник.Склады?ref=a9b000055d49b45e11db8b8bee7616e1","e1cib/data/Справочник.Валюты?ref=a9b000055d49b45e11db8c4421dda1c5","e1cib/data/Справочник.ВидыЦен?ref=a9b000055d49b45e11db8c4c9d5c4226","","e1cib/data/Справочник.Организации?ref=8d34000d8843cd1b11dd2bea12f94c64"
"e1cib/data/Документ.РасходТовара?ref=aaca086266c6d20f11e708bd6f432f8e","False","000000034","25.12.2018 8:28:00","True","e1cib/data/Справочник.Контрагенты?ref=8ca1000d8843cd1b11dc8ea92d97a74a","e1cib/data/Справочник.Склады?ref=a9b000055d49b45e11db8b8bee7616e1","e1cib/data/Справочник.Валюты?ref=a9b000055d49b45e11db8c4421dda1c5","e1cib/data/Справочник.ВидыЦен?ref=a9b000055d49b45e11db8c4c9d5c4226","","e1cib/data/Справочник.Организации?ref=8d34000d8843cd1b11dd2bea12f94c64"
"e1cib/data/Документ.РасходТовара?ref=aaca086266c6d20f11e708bd6f432f8f","False","000000035","25.12.2018 8:28:00","True","e1cib/data/Справочник.Контрагенты?ref=8ca0000d8843cd1b11dc8d043d710079","e1cib/data/Справочник.Склады?ref=a9b000055d49b45e11db8b8bee7616e1","e1cib/data/Справочник.Валюты?ref=a9b000055d49b45e11db8c4421dda1c5","e1cib/data/Справочник.ВидыЦен?ref=a9b000055d49b45e11db8c4c9d5c4226","","e1cib/data/Справочник.Организации?ref=8d34000d8843cd1b11dd2bea12f94c64"
"e1cib/data/Документ.РасходТовара?ref=aaca086266c6d20f11e708bd6f432f90","False","000000036","26.12.2018 8:28:00","True","e1cib/data/Справочник.Контрагенты?ref=8ca1000d8843cd1b11dc8ea92d97a74a","e1cib/data/Справочник.Склады?ref=a9b000055d49b45e11db8b8bee7616e1","e1cib/data/Справочник.Валюты?ref=a9b000055d49b45e11db8c4421dda1c5","e1cib/data/Справочник.ВидыЦен?ref=a9b000055d49b45e11db8c4c9d5c4226","","e1cib/data/Справочник.Организации?ref=8d34000d8843cd1b11dd2bea12f94c64"
"e1cib/data/Документ.РасходТовара?ref=aaca086266c6d20f11e708bd6f432f91","False","000000037","26.12.2018 8:28:00","True","e1cib/data/Справочник.Контрагенты?ref=8ca0000d8843cd1b11dc8d043d710079","e1cib/data/Справочник.Склады?ref=a9b000055d49b45e11db8b8bee7616e1","e1cib/data/Справочник.Валюты?ref=a9b000055d49b45e11db8c4421dda1c5","e1cib/data/Справочник.ВидыЦен?ref=a9b000055d49b45e11db8c4c9d5c4226","","e1cib/data/Справочник.Организации?ref=8d34000d8843cd1b11dd2bea12f94c64"
"e1cib/data/Документ.РасходТовара?ref=aaca086266c6d20f11e708bd6f432f92","False","000000038","27.12.2018 8:28:00","True","e1cib/data/Справочник.Контрагенты?ref=8ca1000d8843cd1b11dc8ea92d97a74a","e1cib/data/Справочник.Склады?ref=a9b000055d49b45e11db8b8bee7616e1","e1cib/data/Справочник.Валюты?ref=a9b000055d49b45e11db8c4421dda1c5","e1cib/data/Справочник.ВидыЦен?ref=a9b000055d49b45e11db8c4c9d5c4226","","e1cib/data/Справочник.Организации?ref=8d34000d8843cd1b11dd2bea12f94c64"
"e1cib/data/Документ.РасходТовара?ref=aaca086266c6d20f11e708bd6f432f93","False","000000039","27.12.2018 8:28:00","True","e1cib/data/Справочник.Контрагенты?ref=8ca0000d8843cd1b11dc8d043d710079","e1cib/data/Справочник.Склады?ref=a9b000055d49b45e11db8b8bee7616e1","e1cib/data/Справочник.Валюты?ref=a9b000055d49b45e11db8c4421dda1c5","e1cib/data/Справочник.ВидыЦен?ref=a9b000055d49b45e11db8c4c9d5c4226","","e1cib/data/Справочник.Организации?ref=8d34000d8843cd1b11dd2bea12f94c64"
"e1cib/data/Документ.РасходТовара?ref=aaca086266c6d20f11e708bd6f432f94","False","000000040","28.12.2018 8:28:00","True","e1cib/data/Справочник.Контрагенты?ref=8ca1000d8843cd1b11dc8ea92d97a74a","e1cib/data/Справочник.Склады?ref=a9b000055d49b45e11db8b8bee7616e1","e1cib/data/Справочник.Валюты?ref=a9b000055d49b45e11db8c4421dda1c5","e1cib/data/Справочник.ВидыЦен?ref=a9b000055d49b45e11db8c4c9d5c4226","","e1cib/data/Справочник.Организации?ref=8d34000d8843cd1b11dd2bea12f94c64"
"e1cib/data/Документ.РасходТовара?ref=aaca086266c6d20f11e708bd6f432f95","False","000000041","28.12.2018 8:28:00","True","e1cib/data/Справочник.Контрагенты?ref=8ca0000d8843cd1b11dc8d043d710079","e1cib/data/Справочник.Склады?ref=a9b000055d49b45e11db8b8bee7616e1","e1cib/data/Справочник.Валюты?ref=a9b000055d49b45e11db8c4421dda1c5","e1cib/data/Справочник.ВидыЦен?ref=a9b000055d49b45e11db8c4c9d5c4226","","e1cib/data/Справочник.Организации?ref=8d34000d8843cd1b11dd2bea12f94c64"
"e1cib/data/Документ.РасходТовара?ref=aaca086266c6d20f11e708bd6f432f96","False","000000042","29.12.2018 8:28:00","True","e1cib/data/Справочник.Контрагенты?ref=8ca1000d8843cd1b11dc8ea92d97a74a","e1cib/data/Справочник.Склады?ref=a9b000055d49b45e11db8b8bee7616e1","e1cib/data/Справочник.Валюты?ref=a9b000055d49b45e11db8c4421dda1c5","e1cib/data/Справочник.ВидыЦен?ref=a9b000055d49b45e11db8c4c9d5c4226","","e1cib/data/Справочник.Организации?ref=8d34000d8843cd1b11dd2bea12f94c64"
"e1cib/data/Документ.РасходТовара?ref=aaca086266c6d20f11e708bd6f432f97","False","000000043","29.12.2018 8:28:00","True","e1cib/data/Справочник.Контрагенты?ref=8ca0000d8843cd1b11dc8d043d710079","e1cib/data/Справочник.Склады?ref=a9b000055d49b45e11db8b8bee7616e1","e1cib/data/Справочник.Валюты?ref=a9b000055d49b45e11db8c4421dda1c5","e1cib/data/Справочник.ВидыЦен?ref=a9b000055d49b45e11db8c4c9d5c4226","","e1cib/data/Справочник.Организации?ref=8d34000d8843cd1b11dd2bea12f94c64"
"e1cib/data/Документ.РасходТовара?ref=aaca086266c6d20f11e708bd6f432f98","False","000000044","30.12.2018 8:28:00","True","e1cib/data/Справочник.Контрагенты?ref=8ca1000d8843cd1b11dc8ea92d97a74a","e1cib/data/Справочник.Склады?ref=a9b000055d49b45e11db8b8bee7616e1","e1cib/data/Справочник.Валюты?ref=a9b000055d49b45e11db8c4421dda1c5","e1cib/data/Справочник.ВидыЦен?ref=a9b000055d49b45e11db8c4c9d5c4226","","e1cib/data/Справочник.Организации?ref=8d34000d8843cd1b11dd2bea12f94c64"
"e1cib/data/Документ.РасходТовара?ref=aaca086266c6d20f11e708bd6f432f99","False","000000045","30.12.2018 8:28:00","True","e1cib/data/Справочник.Контрагенты?ref=8ca0000d8843cd1b11dc8d043d710079","e1cib/data/Справочник.Склады?ref=a9b000055d49b45e11db8b8bee7616e1","e1cib/data/Справочник.Валюты?ref=a9b000055d49b45e11db8c4421dda1c5","e1cib/data/Справочник.ВидыЦен?ref=a9b000055d49b45e11db8c4c9d5c4226","","e1cib/data/Справочник.Организации?ref=8d34000d8843cd1b11dd2bea12f94c64"
"e1cib/data/Документ.РасходТовара?ref=aaca086266c6d20f11e708bd6f432f9a","False","000000046","31.12.2018 8:28:00","True","e1cib/data/Справочник.Контрагенты?ref=8ca1000d8843cd1b11dc8ea92d97a74a","e1cib/data/Справочник.Склады?ref=a9b000055d49b45e11db8b8bee7616e1","e1cib/data/Справочник.Валюты?ref=a9b000055d49b45e11db8c4421dda1c5","e1cib/data/Справочник.ВидыЦен?ref=a9b000055d49b45e11db8c4c9d5c4226","","e1cib/data/Справочник.Организации?ref=8d34000d8843cd1b11dd2bea12f94c64"
"e1cib/data/Документ.РасходТовара?ref=aaca086266c6d20f11e708bd6f432f9b","False","000000047","31.12.2018 8:28:00","True","e1cib/data/Справочник.Контрагенты?ref=8ca0000d8843cd1b11dc8d043d710079","e1cib/data/Справочник.Склады?ref=a9b000055d49b45e11db8b8bee7616e1","e1cib/data/Справочник.Валюты?ref=a9b000055d49b45e11db8c4421dda1c5","e1cib/data/Справочник.ВидыЦен?ref=a9b000055d49b45e11db8c4c9d5c4226","","e1cib/data/Справочник.Организации?ref=8d34000d8843cd1b11dd2bea12f94c64"
"e1cib/data/Документ.РасходТовара?ref=aaca086266c6d20f11e708bd6f432f9c","False","000000048","01.01.2019 8:28:00","True","e1cib/data/Справочник.Контрагенты?ref=8ca1000d8843cd1b11dc8ea92d97a74a","e1cib/data/Справочник.Склады?ref=a9b000055d49b45e11db8b8bee7616e1","e1cib/data/Справочник.Валюты?ref=a9b000055d49b45e11db8c4421dda1c5","e1cib/data/Справочник.ВидыЦен?ref=a9b000055d49b45e11db8c4c9d5c4226","","e1cib/data/Справочник.Организации?ref=8d34000d8843cd1b11dd2bea12f94c64"
"e1cib/data/Документ.РасходТовара?ref=aaca086266c6d20f11e708bd6f432f9d","False","000000049","01.01.2019 8:28:00","True","e1cib/data/Справочник.Контрагенты?ref=8ca0000d8843cd1b11dc8d043d710079","e1cib/data/Справочник.Склады?ref=a9b000055d49b45e11db8b8bee7616e1","e1cib/data/Справочник.Валюты?ref=a9b000055d49b45e11db8c4421dda1c5","e1cib/data/Справочник.ВидыЦен?ref=a9b000055d49b45e11db8c4c9d5c4226","","e1cib/data/Справочник.Организации?ref=8d34000d8843cd1b11dd2bea12f94c64"
"e1cib/data/Документ.РасходТовара?ref=aaca086266c6d20f11e708bd6f432f9e","False","000000050","02.01.2019 8:28:00","True","e1cib/data/Справочник.Контрагенты?ref=8ca1000d8843cd1b11dc8ea92d97a74a","e1cib/data/Справочник.Склады?ref=a9b000055d49b45e11db8b8bee7616e1","e1cib/data/Справочник.Валюты?ref=a9b000055d49b45e11db8c4421dda1c5","e1cib/data/Справочник.ВидыЦен?ref=a9b000055d49b45e11db8c4c9d5c4226","","e1cib/data/Справочник.Организации?ref=8d34000d8843cd1b11dd2bea12f94c64"
"e1cib/data/Документ.РасходТовара?ref=aaca086266c6d20f11e708bd6f432f9f","False","000000051","02.01.2019 8:28:00","True","e1cib/data/Справочник.Контрагенты?ref=8ca0000d8843cd1b11dc8d043d710079","e1cib/data/Справочник.Склады?ref=a9b000055d49b45e11db8b8bee7616e1","e1cib/data/Справочник.Валюты?ref=a9b000055d49b45e11db8c4421dda1c5","e1cib/data/Справочник.ВидыЦен?ref=a9b000055d49b45e11db8c4c9d5c4226","","e1cib/data/Справочник.Организации?ref=8d34000d8843cd1b11dd2bea12f94c64"
"e1cib/data/Документ.РасходТовара?ref=aaca086266c6d20f11e708bd6f432fa0","False","000000052","03.01.2019 8:28:00","True","e1cib/data/Справочник.Контрагенты?ref=8ca1000d8843cd1b11dc8ea92d97a74a","e1cib/data/Справочник.Склады?ref=a9b000055d49b45e11db8b8bee7616e1","e1cib/data/Справочник.Валюты?ref=a9b000055d49b45e11db8c4421dda1c5","e1cib/data/Справочник.ВидыЦен?ref=a9b000055d49b45e11db8c4c9d5c4226","","e1cib/data/Справочник.Организации?ref=8d34000d8843cd1b11dd2bea12f94c64"
"e1cib/data/Документ.РасходТовара?ref=aaca086266c6d20f11e708bd6f432fa1","False","000000053","03.01.2019 8:28:00","True","e1cib/data/Справочник.Контрагенты?ref=8ca0000d8843cd1b11dc8d043d710079","e1cib/data/Справочник.Склады?ref=a9b000055d49b45e11db8b8bee7616e1","e1cib/data/Справочник.Валюты?ref=a9b000055d49b45e11db8c4421dda1c5","e1cib/data/Справочник.ВидыЦен?ref=a9b000055d49b45e11db8c4c9d5c4226","","e1cib/data/Справочник.Организации?ref=8d34000d8843cd1b11dd2bea12f94c64"
"e1cib/data/Документ.РасходТовара?ref=aaca086266c6d20f11e708bd6f432fa2","False","000000054","04.01.2019 8:28:00","True","e1cib/data/Справочник.Контрагенты?ref=8ca1000d8843cd1b11dc8ea92d97a74a","e1cib/data/Справочник.Склады?ref=a9b000055d49b45e11db8b8bee7616e1","e1cib/data/Справочник.Валюты?ref=a9b000055d49b45e11db8c4421dda1c5","e1cib/data/Справочник.ВидыЦен?ref=a9b000055d49b45e11db8c4c9d5c4226","","e1cib/data/Справочник.Организации?ref=8d34000d8843cd1b11dd2bea12f94c64"
"e1cib/data/Документ.РасходТовара?ref=aaca086266c6d20f11e708bd6f432fa3","False","000000055","04.01.2019 8:28:00","True","e1cib/data/Справочник.Контрагенты?ref=8ca0000d8843cd1b11dc8d043d710079","e1cib/data/Справочник.Склады?ref=a9b000055d49b45e11db8b8bee7616e1","e1cib/data/Справочник.Валюты?ref=a9b000055d49b45e11db8c4421dda1c5","e1cib/data/Справочник.ВидыЦен?ref=a9b000055d49b45e11db8c4c9d5c4226","","e1cib/data/Справочник.Организации?ref=8d34000d8843cd1b11dd2bea12f94c64"
"e1cib/data/Документ.РасходТовара?ref=aaca086266c6d20f11e708bd6f432fa4","False","000000056","05.01.2019 8:28:00","True","e1cib/data/Справочник.Контрагенты?ref=8ca1000d8843cd1b11dc8ea92d97a74a","e1cib/data/Справочник.Склады?ref=a9b000055d49b45e11db8b8bee7616e1","e1cib/data/Справочник.Валюты?ref=a9b000055d49b45e11db8c4421dda1c5","e1cib/data/Справочник.ВидыЦен?ref=a9b000055d49b45e11db8c4c9d5c4226","","e1cib/data/Справочник.Организации?ref=8d34000d8843cd1b11dd2bea12f94c64"
"e1cib/data/Документ.РасходТовара?ref=aaca086266c6d20f11e708bd6f432fa5","False","000000057","05.01.2019 8:28:00","True","e1cib/data/Справочник.Контрагенты?ref=8ca0000d8843cd1b11dc8d043d710079","e1cib/data/Справочник.Склады?ref=a9b000055d49b45e11db8b8bee7616e1","e1cib/data/Справочник.Валюты?ref=a9b000055d49b45e11db8c4421dda1c5","e1cib/data/Справочник.ВидыЦен?ref=a9b000055d49b45e11db8c4c9d5c4226","","e1cib/data/Справочник.Организации?ref=8d34000d8843cd1b11dd2bea12f94c64"
"e1cib/data/Документ.РасходТовара?ref=aaca086266c6d20f11e708bd6f432fa6","False","000000058","06.01.2019 8:28:00","True","e1cib/data/Справочник.Контрагенты?ref=8ca1000d8843cd1b11dc8ea92d97a74a","e1cib/data/Справочник.Склады?ref=a9b000055d49b45e11db8b8bee7616e1","e1cib/data/Справочник.Валюты?ref=a9b000055d49b45e11db8c4421dda1c5","e1cib/data/Справочник.ВидыЦен?ref=a9b000055d49b45e11db8c4c9d5c4226","","e1cib/data/Справочник.Организации?ref=8d34000d8843cd1b11dd2bea12f94c64"
"e1cib/data/Документ.РасходТовара?ref=aaca086266c6d20f11e708bd6f432fa7","False","000000059","06.01.2019 8:28:00","True","e1cib/data/Справочник.Контрагенты?ref=8ca0000d8843cd1b11dc8d043d710079","e1cib/data/Справочник.Склады?ref=a9b000055d49b45e11db8b8bee7616e1","e1cib/data/Справочник.Валюты?ref=a9b000055d49b45e11db8c4421dda1c5","e1cib/data/Справочник.ВидыЦен?ref=a9b000055d49b45e11db8c4c9d5c4226","","e1cib/data/Справочник.Организации?ref=8d34000d8843cd1b11dd2bea12f94c64"
"e1cib/data/Документ.РасходТовара?ref=aaca086266c6d20f11e708bd6f432fa8","False","000000060","07.01.2019 8:28:00","True","e1cib/data/Справочник.Контрагенты?ref=8ca1000d8843cd1b11dc8ea92d97a74a","e1cib/data/Справочник.Склады?ref=a9b000055d49b45e11db8b8bee7616e1","e1cib/data/Справочник.Валюты?ref=a9b000055d49b45e11db8c4421dda1c5","e1cib/data/Справочник.ВидыЦен?ref=a9b000055d49b45e11db8c4c9d5c4226","","e1cib/data/Справочник.Организации?ref=8d34000d8843cd1b11dd2bea12f94c64"
"e1cib/data/Документ.РасходТовара?ref=aaca086266c6d20f11e708bd6f432fa9","False","000000061","07.01.2019 8:28:00","True","e1cib/data/Справочник.Контрагенты?ref=8ca0000d8843cd1b11dc8d043d710079","e1cib/data/Справочник.Склады?ref=a9b000055d49b45e11db8b8bee7616e1","e1cib/data/Справочник.Валюты?ref=a9b000055d49b45e11db8c4421dda1c5","e1cib/data/Справочник.ВидыЦен?ref=a9b000055d49b45e11db8c4c9d5c4226","","e1cib/data/Справочник.Организации?ref=8d34000d8843cd1b11dd2bea12f94c64"
"e1cib/data/Документ.РасходТовара?ref=aaca086266c6d20f11e708bd6f432faa","False","000000062","08.01.2019 8:28:00","True","e1cib/data/Справочник.Контрагенты?ref=8ca1000d8843cd1b11dc8ea92d97a74a","e1cib/data/Справочник.Склады?ref=a9b000055d49b45e11db8b8bee7616e1","e1cib/data/Справочник.Валюты?ref=a9b000055d49b45e11db8c4421dda1c5","e1cib/data/Справочник.ВидыЦен?ref=a9b000055d49b45e11db8c4c9d5c4226","","e1cib/data/Справочник.Организации?ref=8d34000d8843cd1b11dd2bea12f94c64"
"e1cib/data/Документ.РасходТовара?ref=aaca086266c6d20f11e708bd6f432fab","False","000000063","08.01.2019 8:28:00","True","e1cib/data/Справочник.Контрагенты?ref=8ca0000d8843cd1b11dc8d043d710079","e1cib/data/Справочник.Склады?ref=a9b000055d49b45e11db8b8bee7616e1","e1cib/data/Справочник.Валюты?ref=a9b000055d49b45e11db8c4421dda1c5","e1cib/data/Справочник.ВидыЦен?ref=a9b000055d49b45e11db8c4c9d5c4226","","e1cib/data/Справочник.Организации?ref=8d34000d8843cd1b11dd2bea12f94c64"
"e1cib/data/Документ.РасходТовара?ref=aaca086266c6d20f11e708bd6f432fac","False","000000064","09.01.2019 8:28:00","True","e1cib/data/Справочник.Контрагенты?ref=8ca1000d8843cd1b11dc8ea92d97a74a","e1cib/data/Справочник.Склады?ref=a9b000055d49b45e11db8b8bee7616e1","e1cib/data/Справочник.Валюты?ref=a9b000055d49b45e11db8c4421dda1c5","e1cib/data/Справочник.ВидыЦен?ref=a9b000055d49b45e11db8c4c9d5c4226","","e1cib/data/Справочник.Организации?ref=8d34000d8843cd1b11dd2bea12f94c64"
"e1cib/data/Документ.РасходТовара?ref=aaca086266c6d20f11e708bd6f432fad","False","000000065","09.01.2019 8:28:00","True","e1cib/data/Справочник.Контрагенты?ref=8ca0000d8843cd1b11dc8d043d710079","e1cib/data/Справочник.Склады?ref=a9b000055d49b45e11db8b8bee7616e1","e1cib/data/Справочник.Валюты?ref=a9b000055d49b45e11db8c4421dda1c5","e1cib/data/Справочник.ВидыЦен?ref=a9b000055d49b45e11db8c4c9d5c4226","","e1cib/data/Справочник.Организации?ref=8d34000d8843cd1b11dd2bea12f94c64"
"e1cib/data/Документ.РасходТовара?ref=aaca086266c6d20f11e708bd6f432fae","False","000000066","10.01.2019 8:28:00","True","e1cib/data/Справочник.Контрагенты?ref=8ca1000d8843cd1b11dc8ea92d97a74a","e1cib/data/Справочник.Склады?ref=a9b000055d49b45e11db8b8bee7616e1","e1cib/data/Справочник.Валюты?ref=a9b000055d49b45e11db8c4421dda1c5","e1cib/data/Справочник.ВидыЦен?ref=a9b000055d49b45e11db8c4c9d5c4226","","e1cib/data/Справочник.Организации?ref=8d34000d8843cd1b11dd2bea12f94c64"
"e1cib/data/Документ.РасходТовара?ref=aaca086266c6d20f11e708bd6f432faf","False","000000067","10.01.2019 8:28:00","True","e1cib/data/Справочник.Контрагенты?ref=8ca0000d8843cd1b11dc8d043d710079","e1cib/data/Справочник.Склады?ref=a9b000055d49b45e11db8b8bee7616e1","e1cib/data/Справочник.Валюты?ref=a9b000055d49b45e11db8c4421dda1c5","e1cib/data/Справочник.ВидыЦен?ref=a9b000055d49b45e11db8c4c9d5c4226","","e1cib/data/Справочник.Организации?ref=8d34000d8843cd1b11dd2bea12f94c64"
"e1cib/data/Документ.РасходТовара?ref=aaca086266c6d20f11e708bd6f432fb0","False","000000068","11.01.2019 8:28:00","True","e1cib/data/Справочник.Контрагенты?ref=8ca1000d8843cd1b11dc8ea92d97a74a","e1cib/data/Справочник.Склады?ref=a9b000055d49b45e11db8b8bee7616e1","e1cib/data/Справочник.Валюты?ref=a9b000055d49b45e11db8c4421dda1c5","e1cib/data/Справочник.ВидыЦен?ref=a9b000055d49b45e11db8c4c9d5c4226","","e1cib/data/Справочник.Организации?ref=8d34000d8843cd1b11dd2bea12f94c64"
"e1cib/data/Документ.РасходТовара?ref=aaca086266c6d20f11e708bd6f432fb1","False","000000069","11.01.2019 8:28:00","True","e1cib/data/Справочник.Контрагенты?ref=8ca0000d8843cd1b11dc8d043d710079","e1cib/data/Справочник.Склады?ref=a9b000055d49b45e11db8b8bee7616e1","e1cib/data/Справочник.Валюты?ref=a9b000055d49b45e11db8c4421dda1c5","e1cib/data/Справочник.ВидыЦен?ref=a9b000055d49b45e11db8c4c9d5c4226","","e1cib/data/Справочник.Организации?ref=8d34000d8843cd1b11dd2bea12f94c64"
"e1cib/data/Документ.РасходТовара?ref=aaca086266c6d20f11e708bd6f432fb2","False","000000070","12.01.2019 8:28:00","True","e1cib/data/Справочник.Контрагенты?ref=8ca1000d8843cd1b11dc8ea92d97a74a","e1cib/data/Справочник.Склады?ref=a9b000055d49b45e11db8b8bee7616e1","e1cib/data/Справочник.Валюты?ref=a9b000055d49b45e11db8c4421dda1c5","e1cib/data/Справочник.ВидыЦен?ref=a9b000055d49b45e11db8c4c9d5c4226","","e1cib/data/Справочник.Организации?ref=8d34000d8843cd1b11dd2bea12f94c64"
"e1cib/data/Документ.РасходТовара?ref=aaca086266c6d20f11e708bd6f432fb3","False","000000071","12.01.2019 8:28:00","True","e1cib/data/Справочник.Контрагенты?ref=8ca0000d8843cd1b11dc8d043d710079","e1cib/data/Справочник.Склады?ref=a9b000055d49b45e11db8b8bee7616e1","e1cib/data/Справочник.Валюты?ref=a9b000055d49b45e11db8c4421dda1c5","e1cib/data/Справочник.ВидыЦен?ref=a9b000055d49b45e11db8c4c9d5c4226","","e1cib/data/Справочник.Организации?ref=8d34000d8843cd1b11dd2bea12f94c64"
"e1cib/data/Документ.РасходТовара?ref=aaca086266c6d20f11e708bd6f432fb4","False","000000072","13.01.2019 8:28:00","True","e1cib/data/Справочник.Контрагенты?ref=8ca1000d8843cd1b11dc8ea92d97a74a","e1cib/data/Справочник.Склады?ref=a9b000055d49b45e11db8b8bee7616e1","e1cib/data/Справочник.Валюты?ref=a9b000055d49b45e11db8c4421dda1c5","e1cib/data/Справочник.ВидыЦен?ref=a9b000055d49b45e11db8c4c9d5c4226","","e1cib/data/Справочник.Организации?ref=8d34000d8843cd1b11dd2bea12f94c64"
"e1cib/data/Документ.РасходТовара?ref=aaca086266c6d20f11e708bd6f432fb5","False","000000073","13.01.2019 8:28:00","True","e1cib/data/Справочник.Контрагенты?ref=8ca0000d8843cd1b11dc8d043d710079","e1cib/data/Справочник.Склады?ref=a9b000055d49b45e11db8b8bee7616e1","e1cib/data/Справочник.Валюты?ref=a9b000055d49b45e11db8c4421dda1c5","e1cib/data/Справочник.ВидыЦен?ref=a9b000055d49b45e11db8c4c9d5c4226","","e1cib/data/Справочник.Организации?ref=8d34000d8843cd1b11dd2bea12f94c64"
"e1cib/data/Документ.РасходТовара?ref=aaca086266c6d20f11e708bd6f432fb6","False","000000074","14.01.2019 8:28:00","True","e1cib/data/Справочник.Контрагенты?ref=8ca1000d8843cd1b11dc8ea92d97a74a","e1cib/data/Справочник.Склады?ref=a9b000055d49b45e11db8b8bee7616e1","e1cib/data/Справочник.Валюты?ref=a9b000055d49b45e11db8c4421dda1c5","e1cib/data/Справочник.ВидыЦен?ref=a9b000055d49b45e11db8c4c9d5c4226","","e1cib/data/Справочник.Организации?ref=8d34000d8843cd1b11dd2bea12f94c64"
"e1cib/data/Документ.РасходТовара?ref=aaca086266c6d20f11e708bd6f432fb7","False","000000075","14.01.2019 8:28:00","True","e1cib/data/Справочник.Контрагенты?ref=8ca0000d8843cd1b11dc8d043d710079","e1cib/data/Справочник.Склады?ref=a9b000055d49b45e11db8b8bee7616e1","e1cib/data/Справочник.Валюты?ref=a9b000055d49b45e11db8c4421dda1c5","e1cib/data/Справочник.ВидыЦен?ref=a9b000055d49b45e11db8c4c9d5c4226","","e1cib/data/Справочник.Организации?ref=8d34000d8843cd1b11dd2bea12f94c64"
"e1cib/data/Документ.РасходТовара?ref=aaca086266c6d20f11e708bd6f432fb8","False","000000076","15.01.2019 8:28:00","True","e1cib/data/Справочник.Контрагенты?ref=8ca1000d8843cd1b11dc8ea92d97a74a","e1cib/data/Справочник.Склады?ref=a9b000055d49b45e11db8b8bee7616e1","e1cib/data/Справочник.Валюты?ref=a9b000055d49b45e11db8c4421dda1c5","e1cib/data/Справочник.ВидыЦен?ref=a9b000055d49b45e11db8c4c9d5c4226","","e1cib/data/Справочник.Организации?ref=8d34000d8843cd1b11dd2bea12f94c64"
"e1cib/data/Документ.РасходТовара?ref=aaca086266c6d20f11e708bd6f432fb9","False","000000077","15.01.2019 8:28:00","True","e1cib/data/Справочник.Контрагенты?ref=8ca0000d8843cd1b11dc8d043d710079","e1cib/data/Справочник.Склады?ref=a9b000055d49b45e11db8b8bee7616e1","e1cib/data/Справочник.Валюты?ref=a9b000055d49b45e11db8c4421dda1c5","e1cib/data/Справочник.ВидыЦен?ref=a9b000055d49b45e11db8c4c9d5c4226","","e1cib/data/Справочник.Организации?ref=8d34000d8843cd1b11dd2bea12f94c64"
"e1cib/data/Документ.РасходТовара?ref=aaca086266c6d20f11e708bd6f432fba","False","000000078","16.01.2019 8:28:00","True","e1cib/data/Справочник.Контрагенты?ref=8ca1000d8843cd1b11dc8ea92d97a74a","e1cib/data/Справочник.Склады?ref=a9b000055d49b45e11db8b8bee7616e1","e1cib/data/Справочник.Валюты?ref=a9b000055d49b45e11db8c4421dda1c5","e1cib/data/Справочник.ВидыЦен?ref=a9b000055d49b45e11db8c4c9d5c4226","","e1cib/data/Справочник.Организации?ref=8d34000d8843cd1b11dd2bea12f94c64"
"e1cib/data/Документ.РасходТовара?ref=aaca086266c6d20f11e708bd6f432fbb","False","000000079","16.01.2019 8:28:00","True","e1cib/data/Справочник.Контрагенты?ref=8ca0000d8843cd1b11dc8d043d710079","e1cib/data/Справочник.Склады?ref=a9b000055d49b45e11db8b8bee7616e1","e1cib/data/Справочник.Валюты?ref=a9b000055d49b45e11db8c4421dda1c5","e1cib/data/Справочник.ВидыЦен?ref=a9b000055d49b45e11db8c4c9d5c4226","","e1cib/data/Справочник.Организации?ref=8d34000d8843cd1b11dd2bea12f94c64"
"e1cib/data/Документ.РасходТовара?ref=aaca086266c6d20f11e708bd6f432fbc","False","000000080","17.01.2019 8:28:00","True","e1cib/data/Справочник.Контрагенты?ref=8ca1000d8843cd1b11dc8ea92d97a74a","e1cib/data/Справочник.Склады?ref=a9b000055d49b45e11db8b8bee7616e1","e1cib/data/Справочник.Валюты?ref=a9b000055d49b45e11db8c4421dda1c5","e1cib/data/Справочник.ВидыЦен?ref=a9b000055d49b45e11db8c4c9d5c4226","","e1cib/data/Справочник.Организации?ref=8d34000d8843cd1b11dd2bea12f94c64"
"e1cib/data/Документ.РасходТовара?ref=aaca086266c6d20f11e708bd6f432fbd","False","000000081","17.01.2019 8:28:00","True","e1cib/data/Справочник.Контрагенты?ref=8ca0000d8843cd1b11dc8d043d710079","e1cib/data/Справочник.Склады?ref=a9b000055d49b45e11db8b8bee7616e1","e1cib/data/Справочник.Валюты?ref=a9b000055d49b45e11db8c4421dda1c5","e1cib/data/Справочник.ВидыЦен?ref=a9b000055d49b45e11db8c4c9d5c4226","","e1cib/data/Справочник.Организации?ref=8d34000d8843cd1b11dd2bea12f94c64"
"e1cib/data/Документ.РасходТовара?ref=aaca086266c6d20f11e708bd6f432fbe","False","000000082","18.01.2019 8:28:00","True","e1cib/data/Справочник.Контрагенты?ref=8ca1000d8843cd1b11dc8ea92d97a74a","e1cib/data/Справочник.Склады?ref=a9b000055d49b45e11db8b8bee7616e1","e1cib/data/Справочник.Валюты?ref=a9b000055d49b45e11db8c4421dda1c5","e1cib/data/Справочник.ВидыЦен?ref=a9b000055d49b45e11db8c4c9d5c4226","","e1cib/data/Справочник.Организации?ref=8d34000d8843cd1b11dd2bea12f94c64"
"e1cib/data/Документ.РасходТовара?ref=aaca086266c6d20f11e708bd6f432fbf","False","000000083","18.01.2019 8:28:00","True","e1cib/data/Справочник.Контрагенты?ref=8ca0000d8843cd1b11dc8d043d710079","e1cib/data/Справочник.Склады?ref=a9b000055d49b45e11db8b8bee7616e1","e1cib/data/Справочник.Валюты?ref=a9b000055d49b45e11db8c4421dda1c5","e1cib/data/Справочник.ВидыЦен?ref=a9b000055d49b45e11db8c4c9d5c4226","","e1cib/data/Справочник.Организации?ref=8d34000d8843cd1b11dd2bea12f94c64"
"e1cib/data/Документ.РасходТовара?ref=aaca086266c6d20f11e708bd6f432fc0","False","000000084","19.01.2019 8:28:00","True","e1cib/data/Справочник.Контрагенты?ref=8ca1000d8843cd1b11dc8ea92d97a74a","e1cib/data/Справочник.Склады?ref=a9b000055d49b45e11db8b8bee7616e1","e1cib/data/Справочник.Валюты?ref=a9b000055d49b45e11db8c4421dda1c5","e1cib/data/Справочник.ВидыЦен?ref=a9b000055d49b45e11db8c4c9d5c4226","","e1cib/data/Справочник.Организации?ref=8d34000d8843cd1b11dd2bea12f94c64"
"e1cib/data/Документ.РасходТовара?ref=aaca086266c6d20f11e708bd6f432fc1","False","000000085","19.01.2019 8:28:00","True","e1cib/data/Справочник.Контрагенты?ref=8ca0000d8843cd1b11dc8d043d710079","e1cib/data/Справочник.Склады?ref=a9b000055d49b45e11db8b8bee7616e1","e1cib/data/Справочник.Валюты?ref=a9b000055d49b45e11db8c4421dda1c5","e1cib/data/Справочник.ВидыЦен?ref=a9b000055d49b45e11db8c4c9d5c4226","","e1cib/data/Справочник.Организации?ref=8d34000d8843cd1b11dd2bea12f94c64"
"e1cib/data/Документ.РасходТовара?ref=aaca086266c6d20f11e708bd6f432fc2","False","000000086","20.01.2019 8:28:00","True","e1cib/data/Справочник.Контрагенты?ref=8ca1000d8843cd1b11dc8ea92d97a74a","e1cib/data/Справочник.Склады?ref=a9b000055d49b45e11db8b8bee7616e1","e1cib/data/Справочник.Валюты?ref=a9b000055d49b45e11db8c4421dda1c5","e1cib/data/Справочник.ВидыЦен?ref=a9b000055d49b45e11db8c4c9d5c4226","","e1cib/data/Справочник.Организации?ref=8d34000d8843cd1b11dd2bea12f94c64"
"e1cib/data/Документ.РасходТовара?ref=aaca086266c6d20f11e708bd6f432fc3","False","000000087","20.01.2019 8:28:00","True","e1cib/data/Справочник.Контрагенты?ref=8ca0000d8843cd1b11dc8d043d710079","e1cib/data/Справочник.Склады?ref=a9b000055d49b45e11db8b8bee7616e1","e1cib/data/Справочник.Валюты?ref=a9b000055d49b45e11db8c4421dda1c5","e1cib/data/Справочник.ВидыЦен?ref=a9b000055d49b45e11db8c4c9d5c4226","","e1cib/data/Справочник.Организации?ref=8d34000d8843cd1b11dd2bea12f94c64"
"e1cib/data/Документ.РасходТовара?ref=aaca086266c6d20f11e708bd6f432fc4","False","000000088","21.01.2019 8:28:00","True","e1cib/data/Справочник.Контрагенты?ref=8ca1000d8843cd1b11dc8ea92d97a74a","e1cib/data/Справочник.Склады?ref=a9b000055d49b45e11db8b8bee7616e1","e1cib/data/Справочник.Валюты?ref=a9b000055d49b45e11db8c4421dda1c5","e1cib/data/Справочник.ВидыЦен?ref=a9b000055d49b45e11db8c4c9d5c4226","","e1cib/data/Справочник.Организации?ref=8d34000d8843cd1b11dd2bea12f94c64"
"e1cib/data/Документ.РасходТовара?ref=aaca086266c6d20f11e708bd6f432fc5","False","000000089","21.01.2019 8:28:00","True","e1cib/data/Справочник.Контрагенты?ref=8ca0000d8843cd1b11dc8d043d710079","e1cib/data/Справочник.Склады?ref=a9b000055d49b45e11db8b8bee7616e1","e1cib/data/Справочник.Валюты?ref=a9b000055d49b45e11db8c4421dda1c5","e1cib/data/Справочник.ВидыЦен?ref=a9b000055d49b45e11db8c4c9d5c4226","","e1cib/data/Справочник.Организации?ref=8d34000d8843cd1b11dd2bea12f94c64"
"e1cib/data/Документ.РасходТовара?ref=aaca086266c6d20f11e708bd6f432fc6","False","000000090","22.01.2019 8:28:00","True","e1cib/data/Справочник.Контрагенты?ref=8ca1000d8843cd1b11dc8ea92d97a74a","e1cib/data/Справочник.Склады?ref=a9b000055d49b45e11db8b8bee7616e1","e1cib/data/Справочник.Валюты?ref=a9b000055d49b45e11db8c4421dda1c5","e1cib/data/Справочник.ВидыЦен?ref=a9b000055d49b45e11db8c4c9d5c4226","","e1cib/data/Справочник.Организации?ref=8d34000d8843cd1b11dd2bea12f94c64"
"e1cib/data/Документ.РасходТовара?ref=aaca086266c6d20f11e708bd6f432fc7","False","000000091","22.01.2019 8:28:00","True","e1cib/data/Справочник.Контрагенты?ref=8ca0000d8843cd1b11dc8d043d710079","e1cib/data/Справочник.Склады?ref=a9b000055d49b45e11db8b8bee7616e1","e1cib/data/Справочник.Валюты?ref=a9b000055d49b45e11db8c4421dda1c5","e1cib/data/Справочник.ВидыЦен?ref=a9b000055d49b45e11db8c4c9d5c4226","","e1cib/data/Справочник.Организации?ref=8d34000d8843cd1b11dd2bea12f94c64"
"e1cib/data/Документ.РасходТовара?ref=aaca086266c6d20f11e708bd6f432fc8","False","000000092","23.01.2019 8:28:00","True","e1cib/data/Справочник.Контрагенты?ref=8ca1000d8843cd1b11dc8ea92d97a74a","e1cib/data/Справочник.Склады?ref=a9b000055d49b45e11db8b8bee7616e1","e1cib/data/Справочник.Валюты?ref=a9b000055d49b45e11db8c4421dda1c5","e1cib/data/Справочник.ВидыЦен?ref=a9b000055d49b45e11db8c4c9d5c4226","","e1cib/data/Справочник.Организации?ref=8d34000d8843cd1b11dd2bea12f94c64"
"e1cib/data/Документ.РасходТовара?ref=aaca086266c6d20f11e708bd6f432fc9","False","000000093","23.01.2019 8:28:00","True","e1cib/data/Справочник.Контрагенты?ref=8ca0000d8843cd1b11dc8d043d710079","e1cib/data/Справочник.Склады?ref=a9b000055d49b45e11db8b8bee7616e1","e1cib/data/Справочник.Валюты?ref=a9b000055d49b45e11db8c4421dda1c5","e1cib/data/Справочник.ВидыЦен?ref=a9b000055d49b45e11db8c4c9d5c4226","","e1cib/data/Справочник.Организации?ref=8d34000d8843cd1b11dd2bea12f94c64"
"e1cib/data/Документ.РасходТовара?ref=aaca086266c6d20f11e708bd6f432fca","False","000000094","24.01.2019 8:28:00","True","e1cib/data/Справочник.Контрагенты?ref=8ca1000d8843cd1b11dc8ea92d97a74a","e1cib/data/Справочник.Склады?ref=a9b000055d49b45e11db8b8bee7616e1","e1cib/data/Справочник.Валюты?ref=a9b000055d49b45e11db8c4421dda1c5","e1cib/data/Справочник.ВидыЦен?ref=a9b000055d49b45e11db8c4c9d5c4226","","e1cib/data/Справочник.Организации?ref=8d34000d8843cd1b11dd2bea12f94c64"
"e1cib/data/Документ.РасходТовара?ref=aaca086266c6d20f11e708bd6f432fcb","False","000000095","24.01.2019 8:28:00","True","e1cib/data/Справочник.Контрагенты?ref=8ca0000d8843cd1b11dc8d043d710079","e1cib/data/Справочник.Склады?ref=a9b000055d49b45e11db8b8bee7616e1","e1cib/data/Справочник.Валюты?ref=a9b000055d49b45e11db8c4421dda1c5","e1cib/data/Справочник.ВидыЦен?ref=a9b000055d49b45e11db8c4c9d5c4226","","e1cib/data/Справочник.Организации?ref=8d34000d8843cd1b11dd2bea12f94c64"
"e1cib/data/Документ.РасходТовара?ref=aaca086266c6d20f11e708bd6f432fcc","False","000000096","25.01.2019 8:28:00","True","e1cib/data/Справочник.Контрагенты?ref=8ca1000d8843cd1b11dc8ea92d97a74a","e1cib/data/Справочник.Склады?ref=a9b000055d49b45e11db8b8bee7616e1","e1cib/data/Справочник.Валюты?ref=a9b000055d49b45e11db8c4421dda1c5","e1cib/data/Справочник.ВидыЦен?ref=a9b000055d49b45e11db8c4c9d5c4226","","e1cib/data/Справочник.Организации?ref=8d34000d8843cd1b11dd2bea12f94c64"
"e1cib/data/Документ.РасходТовара?ref=aaca086266c6d20f11e708bd6f432fcd","False","000000097","25.01.2019 8:28:00","True","e1cib/data/Справочник.Контрагенты?ref=8ca0000d8843cd1b11dc8d043d710079","e1cib/data/Справочник.Склады?ref=a9b000055d49b45e11db8b8bee7616e1","e1cib/data/Справочник.Валюты?ref=a9b000055d49b45e11db8c4421dda1c5","e1cib/data/Справочник.ВидыЦен?ref=a9b000055d49b45e11db8c4c9d5c4226","","e1cib/data/Справочник.Организации?ref=8d34000d8843cd1b11dd2bea12f94c64"
"e1cib/data/Документ.РасходТовара?ref=aaca086266c6d20f11e708bd6f432fce","False","000000098","26.01.2019 8:28:00","True","e1cib/data/Справочник.Контрагенты?ref=8ca1000d8843cd1b11dc8ea92d97a74a","e1cib/data/Справочник.Склады?ref=a9b000055d49b45e11db8b8bee7616e1","e1cib/data/Справочник.Валюты?ref=a9b000055d49b45e11db8c4421dda1c5","e1cib/data/Справочник.ВидыЦен?ref=a9b000055d49b45e11db8c4c9d5c4226","","e1cib/data/Справочник.Организации?ref=8d34000d8843cd1b11dd2bea12f94c64"
"e1cib/data/Документ.РасходТовара?ref=aaca086266c6d20f11e708bd6f432fcf","False","000000099","26.01.2019 8:28:00","True","e1cib/data/Справочник.Контрагенты?ref=8ca0000d8843cd1b11dc8d043d710079","e1cib/data/Справочник.Склады?ref=a9b000055d49b45e11db8b8bee7616e1","e1cib/data/Справочник.Валюты?ref=a9b000055d49b45e11db8c4421dda1c5","e1cib/data/Справочник.ВидыЦен?ref=a9b000055d49b45e11db8c4c9d5c4226","","e1cib/data/Справочник.Организации?ref=8d34000d8843cd1b11dd2bea12f94c64"
"e1cib/data/Документ.РасходТовара?ref=aaca086266c6d20f11e708bd6f432fd0","False","000000100","27.01.2019 8:28:00","True","e1cib/data/Справочник.Контрагенты?ref=8ca1000d8843cd1b11dc8ea92d97a74a","e1cib/data/Справочник.Склады?ref=a9b000055d49b45e11db8b8bee7616e1","e1cib/data/Справочник.Валюты?ref=a9b000055d49b45e11db8c4421dda1c5","e1cib/data/Справочник.ВидыЦен?ref=a9b000055d49b45e11db8c4c9d5c4226","","e1cib/data/Справочник.Организации?ref=8d34000d8843cd1b11dd2bea12f94c64"
"e1cib/data/Документ.РасходТовара?ref=aaca086266c6d20f11e708bd6f432fd1","False","000000101","27.01.2019 8:28:00","True","e1cib/data/Справочник.Контрагенты?ref=8ca0000d8843cd1b11dc8d043d710079","e1cib/data/Справочник.Склады?ref=a9b000055d49b45e11db8b8bee7616e1","e1cib/data/Справочник.Валюты?ref=a9b000055d49b45e11db8c4421dda1c5","e1cib/data/Справочник.ВидыЦен?ref=a9b000055d49b45e11db8c4c9d5c4226","","e1cib/data/Справочник.Организации?ref=8d34000d8843cd1b11dd2bea12f94c64"
"e1cib/data/Документ.РасходТовара?ref=a1aa086266c6d20f11e70b13d9094c69","False","000000102","24.01.2019 8:28:01","True","e1cib/data/Справочник.Контрагенты?ref=a9b000055d49b45e11db8e8bd1cb82a8","e1cib/data/Справочник.Склады?ref=a9b000055d49b45e11db8c4c9d5c4221","e1cib/data/Справочник.Валюты?ref=a9b000055d49b45e11db8c4421dda1c5","e1cib/data/Справочник.ВидыЦен?ref=a9b000055d49b45e11db8c4c9d5c4224","","e1cib/data/Справочник.Организации?ref=8d34000d8843cd1b11dd2bea12f94c64"
"e1cib/data/Документ.РасходТовара?ref=a1aa086266c6d20f11e70b13d9094c6a","False","000000103","23.01.2019 8:28:01","True","e1cib/data/Справочник.Контрагенты?ref=8ca0000d8843cd1b11dc8d043d71007a","e1cib/data/Справочник.Склады?ref=8ca1000d8843cd1b11dc8eb49faea67b","e1cib/data/Справочник.Валюты?ref=a9b000055d49b45e11db8c4421dda1c5","e1cib/data/Справочник.ВидыЦен?ref=a9b000055d49b45e11db8c4c9d5c4226","","e1cib/data/Справочник.Организации?ref=8d34000d8843cd1b11dd2bea12f94c63"
"e1cib/data/Документ.РасходТовара?ref=a1aa086266c6d20f11e70b13d9094c6b","False","000000104","25.01.2019 8:28:01","True","e1cib/data/Справочник.Контрагенты?ref=8ca0000d8843cd1b11dc8d043d71007a","e1cib/data/Справочник.Склады?ref=8ca1000d8843cd1b11dc8eb49faea67b","e1cib/data/Справочник.Валюты?ref=a9b000055d49b45e11db8c4421dda1c5","e1cib/data/Справочник.ВидыЦен?ref=a9b000055d49b45e11db8c4c9d5c4224","","e1cib/data/Справочник.Организации?ref=8d34000d8843cd1b11dd2bea12f94c63"
"e1cib/data/Документ.РасходТовара?ref=a1aa086266c6d20f11e70b13d9094c6c","False","000000105","27.01.2019 8:28:01","True","e1cib/data/Справочник.Контрагенты?ref=8ca0000d8843cd1b11dc8d043d71007a","e1cib/data/Справочник.Склады?ref=8ca1000d8843cd1b11dc8eb49faea67b","e1cib/data/Справочник.Валюты?ref=a9b000055d49b45e11db8c4421dda1c5","e1cib/data/Справочник.ВидыЦен?ref=a9b000055d49b45e11db8c4c9d5c4226","","e1cib/data/Справочник.Организации?ref=8d34000d8843cd1b11dd2bea12f94c63"
"e1cib/data/Документ.РасходТовара?ref=a1aa086266c6d20f11e70b13d9094c6d","False","000000106","28.01.2019 23:58:46","True","e1cib/data/Справочник.Контрагенты?ref=8ca0000d8843cd1b11dc8d043d71007a","e1cib/data/Справочник.Склады?ref=8ca1000d8843cd1b11dc8eb49faea67b","e1cib/data/Справочник.Валюты?ref=a9b000055d49b45e11db8c4421dda1c5","e1cib/data/Справочник.ВидыЦен?ref=a9b000055d49b45e11db8c4c9d5c4226","","e1cib/data/Справочник.Организации?ref=8d34000d8843cd1b11dd2bea12f94c64"
